1	%D0%94%D0%BE%D0%BA%D1%83%D0%BC%D0%B5%D0%BD%D1%82%D1%8B%20%D0%BD%D0%B0%20%D0%BF%D1%80%D0%BE%D0%B4%D1%83%D0%BA%D1%86%D0%B8%D1%8E%2F	Документы на продукцию/
2	%D0%98%D0%BD%D1%81%D1%82%D1%80%D1%83%D0%BA%D1%86%D0%B8%D0%B8%2F	Инструкции/
3	%D0%9A%D0%BB%D0%B0%D1%81%D1%81%D0%B8%D1%84%D0%B8%D0%BA%D0%B0%D1%82%D0%BE%D1%80%D1%8B%20%D0%B0%D0%BB%D0%BC%D0%B0%D0%B7%D0%BE%D0%B2%2F	Классификаторы алмазов/
4	%D0%9F%D1%80%D0%B8%D0%BA%D0%B0%D0%B7%D1%8B%2F	Приказы/
5	%D0%9F%D1%80%D0%BE%D1%87%D0%B5%D0%B5%2F	Прочее/
6	%D0%A0%D0%B0%D1%81%D0%BF%D0%BE%D1%80%D1%8F%D0%B6%D0%B5%D0%BD%D0%B8%D1%8F%2F	Распоряжения/
7	%D0%A0%D0%B5%D0%B3%D0%BB%D0%B0%D0%BC%D0%B5%D0%BD%D1%82%D1%8B%2F	Регламенты/
8	%D0%A1%D0%BB%D1%83%D0%B6%D0%B5%D0%B1%D0%BD%D1%8B%D0%B5%20%D0%B7%D0%B0%D0%BF%D0%B8%D1%81%D0%BA%D0%B8%2F	Служебные записки/
9	%D0%A2%D0%B5%D1%85%D0%BD%D0%BE%D0%BB%D0%BE%D0%B3%D0%B8%D1%87%D0%B5%D1%81%D0%BA%D0%B8%D0%B5%20%D0%BA%D0%B0%D1%80%D1%82%D1%8B%2F	Технологические карты/